"filename", "language", "Properties", "Groovy", "XML", "JSON", "Dart", "YAML", "Markdown", "HTML", "Swift", "C++", "comment", "blank", "total"
"c:\Users\Maruf\Documents\GitHub\Workout-Flutter-Project\README.md", "Markdown", 0, 0, 0, 0, 0, 0, 19, 0, 0, 0, 0, 10, 29
"c:\Users\Maruf\Documents\GitHub\Workout-Flutter-Project\android\app\build.gradle", "Groovy", 0, 46, 0, 0, 0, 0, 0, 0, 0, 0, 3, 11, 60
"c:\Users\Maruf\Documents\GitHub\Workout-Flutter-Project\android\app\src\debug\AndroidManifest.xml", "XML", 0, 0, 4, 0, 0, 0, 0, 0, 0, 0, 3, 1, 8
"c:\Users\Maruf\Documents\GitHub\Workout-Flutter-Project\android\app\src\main\AndroidManifest.xml", "XML", 0, 0, 30, 0, 0, 0, 0, 0, 0, 0, 11, 1, 42
"c:\Users\Maruf\Documents\GitHub\Workout-Flutter-Project\android\app\src\main\res\drawable-v21\launch_background.xml", "XML", 0, 0, 4, 0, 0, 0, 0, 0, 0, 0, 7, 2, 13
"c:\Users\Maruf\Documents\GitHub\Workout-Flutter-Project\android\app\src\main\res\drawable\launch_background.xml", "XML", 0, 0, 4, 0, 0, 0, 0, 0, 0, 0, 7, 2, 13
"c:\Users\Maruf\Documents\GitHub\Workout-Flutter-Project\android\app\src\main\res\values-night\styles.xml", "XML", 0, 0, 9, 0, 0, 0, 0, 0, 0, 0, 9, 1, 19
"c:\Users\Maruf\Documents\GitHub\Workout-Flutter-Project\android\app\src\main\res\values\styles.xml", "XML", 0, 0, 9, 0, 0, 0, 0, 0, 0, 0, 9, 1, 19
"c:\Users\Maruf\Documents\GitHub\Workout-Flutter-Project\android\app\src\profile\AndroidManifest.xml", "XML", 0, 0, 4, 0, 0, 0, 0, 0, 0, 0, 3, 1, 8
"c:\Users\Maruf\Documents\GitHub\Workout-Flutter-Project\android\build.gradle", "Groovy", 0, 25, 0, 0, 0, 0, 0, 0, 0, 0, 0, 5, 30
"c:\Users\Maruf\Documents\GitHub\Workout-Flutter-Project\android\gradle.properties", "Properties", 3, 0, 0, 0, 0, 0, 0, 0, 0, 0, 0, 1, 4
"c:\Users\Maruf\Documents\GitHub\Workout-Flutter-Project\android\gradle\wrapper\gradle-wrapper.properties", "Properties", 5, 0, 0, 0, 0, 0, 0, 0, 0, 0, 1, 1, 7
"c:\Users\Maruf\Documents\GitHub\Workout-Flutter-Project\android\settings.gradle", "Groovy", 0, 8, 0, 0, 0, 0, 0, 0, 0, 0, 0, 4, 12
"c:\Users\Maruf\Documents\GitHub\Workout-Flutter-Project\assets\anim\empty.json", "JSON", 0, 0, 0, 1, 0, 0, 0, 0, 0, 0, 0, 0, 1
"c:\Users\Maruf\Documents\GitHub\Workout-Flutter-Project\assets\anim\workouts\abs\inchworm.json", "JSON", 0, 0, 0, 1, 0, 0, 0, 0, 0, 0, 0, 0, 1
"c:\Users\Maruf\Documents\GitHub\Workout-Flutter-Project\assets\anim\workouts\abs\plank-excercise.json", "JSON", 0, 0, 0, 1, 0, 0, 0, 0, 0, 0, 0, 0, 1
"c:\Users\Maruf\Documents\GitHub\Workout-Flutter-Project\assets\anim\workouts\abs\seated-abs-circles.json", "JSON", 0, 0, 0, 1, 0, 0, 0, 0, 0, 0, 0, 0, 1
"c:\Users\Maruf\Documents\GitHub\Workout-Flutter-Project\assets\anim\workouts\abs\squat-kick.json", "JSON", 0, 0, 0, 1, 0, 0, 0, 0, 0, 0, 0, 0, 1
"c:\Users\Maruf\Documents\GitHub\Workout-Flutter-Project\assets\anim\workouts\leg\jumping-jack.json", "JSON", 0, 0, 0, 1, 0, 0, 0, 0, 0, 0, 0, 0, 1
"c:\Users\Maruf\Documents\GitHub\Workout-Flutter-Project\assets\anim\workouts\leg\jumping-squats.json", "JSON", 0, 0, 0, 1, 0, 0, 0, 0, 0, 0, 0, 0, 1
"c:\Users\Maruf\Documents\GitHub\Workout-Flutter-Project\assets\anim\workouts\leg\reverse-crunches.json", "JSON", 0, 0, 0, 1, 0, 0, 0, 0, 0, 0, 0, 0, 1
"c:\Users\Maruf\Documents\GitHub\Workout-Flutter-Project\assets\anim\workouts\leg\step-up-on-chair.json", "JSON", 0, 0, 0, 1, 0, 0, 0, 0, 0, 0, 0, 0, 1
"c:\Users\Maruf\Documents\GitHub\Workout-Flutter-Project\assets\anim\workouts\trophy-congratulation.json", "JSON", 0, 0, 0, 1, 0, 0, 0, 0, 0, 0, 0, 0, 1
"c:\Users\Maruf\Documents\GitHub\Workout-Flutter-Project\assets\anim\workouts\warmup\lunge.json", "JSON", 0, 0, 0, 1, 0, 0, 0, 0, 0, 0, 0, 0, 1
"c:\Users\Maruf\Documents\GitHub\Workout-Flutter-Project\assets\anim\workouts\warmup\shoulder-stretch.json", "JSON", 0, 0, 0, 1, 0, 0, 0, 0, 0, 0, 0, 0, 1
"c:\Users\Maruf\Documents\GitHub\Workout-Flutter-Project\assets\icons\Camera Icon.svg", "XML", 0, 0, 3, 0, 0, 0, 0, 0, 0, 0, 0, 1, 4
"c:\Users\Maruf\Documents\GitHub\Workout-Flutter-Project\assets\images\finish.svg", "XML", 0, 0, 1, 0, 0, 0, 0, 0, 0, 0, 0, 0, 1
"c:\Users\Maruf\Documents\GitHub\Workout-Flutter-Project\assets\workoutPlaceHolder.json", "JSON", 0, 0, 0, 125, 0, 0, 0, 0, 0, 0, 0, 0, 125
"c:\Users\Maruf\Documents\GitHub\Workout-Flutter-Project\ios\Runner\AppDelegate.swift", "Swift", 0, 0, 0, 0, 0, 0, 0, 0, 12, 0, 0, 2, 14
"c:\Users\Maruf\Documents\GitHub\Workout-Flutter-Project\ios\Runner\Assets.xcassets\AppIcon.appiconset\Contents.json", "JSON", 0, 0, 0, 122, 0, 0, 0, 0, 0, 0, 0, 1, 123
"c:\Users\Maruf\Documents\GitHub\Workout-Flutter-Project\ios\Runner\Assets.xcassets\LaunchImage.imageset\Contents.json", "JSON", 0, 0, 0, 23, 0, 0, 0, 0, 0, 0, 0, 1, 24
"c:\Users\Maruf\Documents\GitHub\Workout-Flutter-Project\ios\Runner\Assets.xcassets\LaunchImage.imageset\README.md", "Markdown", 0, 0, 0, 0, 0, 0, 3, 0, 0, 0, 0, 2, 5
"c:\Users\Maruf\Documents\GitHub\Workout-Flutter-Project\ios\Runner\Base.lproj\LaunchScreen.storyboard", "XML", 0, 0, 36, 0, 0, 0, 0, 0, 0, 0, 1, 1, 38
"c:\Users\Maruf\Documents\GitHub\Workout-Flutter-Project\ios\Runner\Base.lproj\Main.storyboard", "XML", 0, 0, 25, 0, 0, 0, 0, 0, 0, 0, 1, 1, 27
"c:\Users\Maruf\Documents\GitHub\Workout-Flutter-Project\ios\Runner\Runner-Bridging-Header.h", "C++", 0, 0, 0, 0, 0, 0, 0, 0, 0, 1, 0, 1, 2
"c:\Users\Maruf\Documents\GitHub\Workout-Flutter-Project\lib\constants\data.dart", "Dart", 0, 0, 0, 0, 13, 0, 0, 0, 0, 0, 0, 1, 14
"c:\Users\Maruf\Documents\GitHub\Workout-Flutter-Project\lib\data\boxes.dart", "Dart", 0, 0, 0, 0, 9, 0, 0, 0, 0, 0, 2, 3, 14
"c:\Users\Maruf\Documents\GitHub\Workout-Flutter-Project\lib\data\dataproviders\auth.dart", "Dart", 0, 0, 0, 0, 111, 0, 0, 0, 0, 0, 3, 6, 120
"c:\Users\Maruf\Documents\GitHub\Workout-Flutter-Project\lib\data\dataproviders\reminder_dataProvider.dart", "Dart", 0, 0, 0, 0, 17, 0, 0, 0, 0, 0, 1, 6, 24
"c:\Users\Maruf\Documents\GitHub\Workout-Flutter-Project\lib\data\dataproviders\report_dataProvider.dart", "Dart", 0, 0, 0, 0, 18, 0, 0, 0, 0, 0, 1, 5, 24
"c:\Users\Maruf\Documents\GitHub\Workout-Flutter-Project\lib\data\dataproviders\workoutPlan_dataProvider.dart", "Dart", 0, 0, 0, 0, 264, 0, 0, 0, 0, 0, 11, 13, 288
"c:\Users\Maruf\Documents\GitHub\Workout-Flutter-Project\lib\data\dataproviders\workout_dataProvider.dart", "Dart", 0, 0, 0, 0, 22, 0, 0, 0, 0, 0, 2, 8, 32
"c:\Users\Maruf\Documents\GitHub\Workout-Flutter-Project\lib\data\models\day\day.dart", "Dart", 0, 0, 0, 0, 13, 0, 0, 0, 0, 0, 1, 5, 19
"c:\Users\Maruf\Documents\GitHub\Workout-Flutter-Project\lib\data\models\exercise\exercise.dart", "Dart", 0, 0, 0, 0, 48, 0, 0, 0, 0, 0, 1, 8, 57
"c:\Users\Maruf\Documents\GitHub\Workout-Flutter-Project\lib\data\models\exercise\exercise.g.dart", "Dart", 0, 0, 0, 0, 50, 0, 0, 0, 0, 0, 4, 8, 62
"c:\Users\Maruf\Documents\GitHub\Workout-Flutter-Project\lib\data\models\models.dart", "Dart", 0, 0, 0, 0, 1, 0, 0, 0, 0, 0, 0, 1, 2
"c:\Users\Maruf\Documents\GitHub\Workout-Flutter-Project\lib\data\models\reminder\reminder.dart", "Dart", 0, 0, 0, 0, 9, 0, 0, 0, 0, 0, 1, 3, 13
"c:\Users\Maruf\Documents\GitHub\Workout-Flutter-Project\lib\data\models\reminder\reminder.g.dart", "Dart", 0, 0, 0, 0, 32, 0, 0, 0, 0, 0, 4, 8, 44
"c:\Users\Maruf\Documents\GitHub\Workout-Flutter-Project\lib\data\models\report\report.dart", "Dart", 0, 0, 0, 0, 17, 0, 0, 0, 0, 0, 1, 4, 22
"c:\Users\Maruf\Documents\GitHub\Workout-Flutter-Project\lib\data\models\report\report.g.dart", "Dart", 0, 0, 0, 0, 38, 0, 0, 0, 0, 0, 4, 8, 50
"c:\Users\Maruf\Documents\GitHub\Workout-Flutter-Project\lib\data\models\user\roles.dart", "Dart", 0, 0, 0, 0, 4, 0, 0, 0, 0, 0, 0, 1, 5
"c:\Users\Maruf\Documents\GitHub\Workout-Flutter-Project\lib\data\models\user\user.dart", "Dart", 0, 0, 0, 0, 63, 0, 0, 0, 0, 0, 0, 5, 68
"c:\Users\Maruf\Documents\GitHub\Workout-Flutter-Project\lib\data\models\workoutPlan\workout_plan_response.dart", "Dart", 0, 0, 0, 0, 131, 0, 0, 0, 0, 0, 17, 22, 170
"c:\Users\Maruf\Documents\GitHub\Workout-Flutter-Project\lib\data\models\workout\workout.dart", "Dart", 0, 0, 0, 0, 22, 0, 0, 0, 0, 0, 2, 6, 30
"c:\Users\Maruf\Documents\GitHub\Workout-Flutter-Project\lib\data\models\workout\workout.g.dart", "Dart", 0, 0, 0, 0, 38, 0, 0, 0, 0, 0, 4, 8, 50
"c:\Users\Maruf\Documents\GitHub\Workout-Flutter-Project\lib\data\repositories\reminder_repository.dart", "Dart", 0, 0, 0, 0, 14, 0, 0, 0, 0, 0, 1, 5, 20
"c:\Users\Maruf\Documents\GitHub\Workout-Flutter-Project\lib\data\repositories\report_repository.dart", "Dart", 0, 0, 0, 0, 12, 0, 0, 0, 0, 0, 1, 4, 17
"c:\Users\Maruf\Documents\GitHub\Workout-Flutter-Project\lib\data\repositories\user_repository.dart", "Dart", 0, 0, 0, 0, 61, 0, 0, 0, 0, 0, 6, 9, 76
"c:\Users\Maruf\Documents\GitHub\Workout-Flutter-Project\lib\data\repositories\workout_plan_repository.dart", "Dart", 0, 0, 0, 0, 70, 0, 0, 0, 0, 0, 4, 12, 86
"c:\Users\Maruf\Documents\GitHub\Workout-Flutter-Project\lib\data\repositories\workout_repository.dart", "Dart", 0, 0, 0, 0, 52, 0, 0, 0, 0, 0, 3, 6, 61
"c:\Users\Maruf\Documents\GitHub\Workout-Flutter-Project\lib\logic\bloc\auth_bloc\auth.dart", "Dart", 0, 0, 0, 0, 3, 0, 0, 0, 0, 0, 0, 1, 4
"c:\Users\Maruf\Documents\GitHub\Workout-Flutter-Project\lib\logic\bloc\auth_bloc\auth_bloc.dart", "Dart", 0, 0, 0, 0, 36, 0, 0, 0, 0, 0, 1, 5, 42
"c:\Users\Maruf\Documents\GitHub\Workout-Flutter-Project\lib\logic\bloc\auth_bloc\auth_event.dart", "Dart", 0, 0, 0, 0, 17, 0, 0, 0, 0, 0, 0, 10, 27
"c:\Users\Maruf\Documents\GitHub\Workout-Flutter-Project\lib\logic\bloc\auth_bloc\auth_state.dart", "Dart", 0, 0, 0, 0, 9, 0, 0, 0, 0, 0, 0, 6, 15
"c:\Users\Maruf\Documents\GitHub\Workout-Flutter-Project\lib\logic\bloc\login_bloc\login.dart", "Dart", 0, 0, 0, 0, 3, 0, 0, 0, 0, 0, 0, 1, 4
"c:\Users\Maruf\Documents\GitHub\Workout-Flutter-Project\lib\logic\bloc\login_bloc\login_bloc.dart", "Dart", 0, 0, 0, 0, 32, 0, 0, 0, 0, 0, 2, 4, 38
"c:\Users\Maruf\Documents\GitHub\Workout-Flutter-Project\lib\logic\bloc\login_bloc\login_event.dart", "Dart", 0, 0, 0, 0, 14, 0, 0, 0, 0, 0, 0, 6, 20
"c:\Users\Maruf\Documents\GitHub\Workout-Flutter-Project\lib\logic\bloc\login_bloc\login_state.dart", "Dart", 0, 0, 0, 0, 16, 0, 0, 0, 0, 0, 0, 9, 25
"c:\Users\Maruf\Documents\GitHub\Workout-Flutter-Project\lib\logic\bloc\register_bloc\register.dart", "Dart", 0, 0, 0, 0, 3, 0, 0, 0, 0, 0, 0, 1, 4
"c:\Users\Maruf\Documents\GitHub\Workout-Flutter-Project\lib\logic\bloc\register_bloc\register_bloc.dart", "Dart", 0, 0, 0, 0, 38, 0, 0, 0, 0, 0, 0, 3, 41
"c:\Users\Maruf\Documents\GitHub\Workout-Flutter-Project\lib\logic\bloc\register_bloc\register_event.dart", "Dart", 0, 0, 0, 0, 31, 0, 0, 0, 0, 0, 0, 6, 37
"c:\Users\Maruf\Documents\GitHub\Workout-Flutter-Project\lib\logic\bloc\register_bloc\register_state.dart", "Dart", 0, 0, 0, 0, 20, 0, 0, 0, 0, 0, 0, 10, 30
"c:\Users\Maruf\Documents\GitHub\Workout-Flutter-Project\lib\logic\bloc\reminder\reminder.dart", "Dart", 0, 0, 0, 0, 1, 0, 0, 0, 0, 0, 0, 1, 2
"c:\Users\Maruf\Documents\GitHub\Workout-Flutter-Project\lib\logic\bloc\reminder\reminder_bloc.dart", "Dart", 0, 0, 0, 0, 33, 0, 0, 0, 0, 0, 3, 5, 41
"c:\Users\Maruf\Documents\GitHub\Workout-Flutter-Project\lib\logic\bloc\reminder\reminder_event.dart", "Dart", 0, 0, 0, 0, 15, 0, 0, 0, 0, 0, 0, 6, 21
"c:\Users\Maruf\Documents\GitHub\Workout-Flutter-Project\lib\logic\bloc\reminder\reminder_state.dart", "Dart", 0, 0, 0, 0, 12, 0, 0, 0, 0, 0, 0, 6, 18
"c:\Users\Maruf\Documents\GitHub\Workout-Flutter-Project\lib\logic\bloc\report\report.dart", "Dart", 0, 0, 0, 0, 0, 0, 0, 0, 0, 0, 0, 1, 1
"c:\Users\Maruf\Documents\GitHub\Workout-Flutter-Project\lib\logic\bloc\report\report_bloc.dart", "Dart", 0, 0, 0, 0, 27, 0, 0, 0, 0, 0, 0, 6, 33
"c:\Users\Maruf\Documents\GitHub\Workout-Flutter-Project\lib\logic\bloc\report\report_event.dart", "Dart", 0, 0, 0, 0, 12, 0, 0, 0, 0, 0, 0, 5, 17
"c:\Users\Maruf\Documents\GitHub\Workout-Flutter-Project\lib\logic\bloc\report\report_state.dart", "Dart", 0, 0, 0, 0, 11, 0, 0, 0, 0, 0, 0, 5, 16
"c:\Users\Maruf\Documents\GitHub\Workout-Flutter-Project\lib\logic\bloc\ticker\ticker.dart", "Dart", 0, 0, 0, 0, 7, 0, 0, 0, 0, 0, 1, 1, 9
"c:\Users\Maruf\Documents\GitHub\Workout-Flutter-Project\lib\logic\bloc\ticker\timer_bloc.dart", "Dart", 0, 0, 0, 0, 63, 0, 0, 0, 0, 0, 0, 12, 75
"c:\Users\Maruf\Documents\GitHub\Workout-Flutter-Project\lib\logic\bloc\ticker\timer_event.dart", "Dart", 0, 0, 0, 0, 25, 0, 0, 0, 0, 0, 0, 9, 34
"c:\Users\Maruf\Documents\GitHub\Workout-Flutter-Project\lib\logic\bloc\ticker\timer_state.dart", "Dart", 0, 0, 0, 0, 25, 0, 0, 0, 0, 0, 0, 11, 36
"c:\Users\Maruf\Documents\GitHub\Workout-Flutter-Project\lib\logic\bloc\workout\workout.dart", "Dart", 0, 0, 0, 0, 3, 0, 0, 0, 0, 0, 0, 1, 4
"c:\Users\Maruf\Documents\GitHub\Workout-Flutter-Project\lib\logic\bloc\workout\workout_bloc.dart", "Dart", 0, 0, 0, 0, 23, 0, 0, 0, 0, 0, 1, 4, 28
"c:\Users\Maruf\Documents\GitHub\Workout-Flutter-Project\lib\logic\bloc\workout\workout_event.dart", "Dart", 0, 0, 0, 0, 13, 0, 0, 0, 0, 0, 0, 5, 18
"c:\Users\Maruf\Documents\GitHub\Workout-Flutter-Project\lib\logic\bloc\workout\workout_state.dart", "Dart", 0, 0, 0, 0, 12, 0, 0, 0, 0, 0, 2, 5, 19
"c:\Users\Maruf\Documents\GitHub\Workout-Flutter-Project\lib\logic\bloc\workout_plan\workout_plan_bloc.dart", "Dart", 0, 0, 0, 0, 102, 0, 0, 0, 0, 0, 2, 12, 116
"c:\Users\Maruf\Documents\GitHub\Workout-Flutter-Project\lib\logic\bloc\workout_plan\workout_plan_event.dart", "Dart", 0, 0, 0, 0, 29, 0, 0, 0, 0, 0, 0, 11, 40
"c:\Users\Maruf\Documents\GitHub\Workout-Flutter-Project\lib\logic\bloc\workout_plan\workout_plan_state.dart", "Dart", 0, 0, 0, 0, 27, 0, 0, 0, 0, 0, 5, 18, 50
"c:\Users\Maruf\Documents\GitHub\Workout-Flutter-Project\lib\logic\cubit\counter_cubit.dart", "Dart", 0, 0, 0, 0, 8, 0, 0, 0, 0, 0, 0, 5, 13
"c:\Users\Maruf\Documents\GitHub\Workout-Flutter-Project\lib\logic\cubit\counter_state.dart", "Dart", 0, 0, 0, 0, 5, 0, 0, 0, 0, 0, 0, 2, 7
"c:\Users\Maruf\Documents\GitHub\Workout-Flutter-Project\lib\main.dart", "Dart", 0, 0, 0, 0, 141, 0, 0, 0, 0, 0, 20, 24, 185
"c:\Users\Maruf\Documents\GitHub\Workout-Flutter-Project\lib\presentation\router.dart", "Dart", 0, 0, 0, 0, 44, 0, 0, 0, 0, 0, 1, 4, 49
"c:\Users\Maruf\Documents\GitHub\Workout-Flutter-Project\lib\presentation\screens\_routes.dart", "Dart", 0, 0, 0, 0, 17, 0, 0, 0, 0, 0, 1, 1, 19
"c:\Users\Maruf\Documents\GitHub\Workout-Flutter-Project\lib\presentation\screens\auth\login.dart", "Dart", 0, 0, 0, 0, 257, 0, 0, 0, 0, 0, 3, 14, 274
"c:\Users\Maruf\Documents\GitHub\Workout-Flutter-Project\lib\presentation\screens\auth\register.dart", "Dart", 0, 0, 0, 0, 669, 0, 0, 0, 0, 0, 4, 14, 687
"c:\Users\Maruf\Documents\GitHub\Workout-Flutter-Project\lib\presentation\screens\congrats.dart", "Dart", 0, 0, 0, 0, 152, 0, 0, 0, 0, 0, 18, 3, 173
"c:\Users\Maruf\Documents\GitHub\Workout-Flutter-Project\lib\presentation\screens\exercise_type.dart", "Dart", 0, 0, 0, 0, 102, 0, 0, 0, 0, 0, 5, 6, 113
"c:\Users\Maruf\Documents\GitHub\Workout-Flutter-Project\lib\presentation\screens\favorites.dart", "Dart", 0, 0, 0, 0, 53, 0, 0, 0, 0, 0, 1, 5, 59
"c:\Users\Maruf\Documents\GitHub\Workout-Flutter-Project\lib\presentation\screens\feed_detail.dart", "Dart", 0, 0, 0, 0, 168, 0, 0, 0, 0, 0, 3, 5, 176
"c:\Users\Maruf\Documents\GitHub\Workout-Flutter-Project\lib\presentation\screens\feeds.dart", "Dart", 0, 0, 0, 0, 91, 0, 0, 0, 0, 0, 1, 9, 101
"c:\Users\Maruf\Documents\GitHub\Workout-Flutter-Project\lib\presentation\screens\history.dart", "Dart", 0, 0, 0, 0, 116, 0, 0, 0, 0, 0, 2, 7, 125
"c:\Users\Maruf\Documents\GitHub\Workout-Flutter-Project\lib\presentation\screens\home.dart", "Dart", 0, 0, 0, 0, 71, 0, 0, 0, 0, 0, 4, 4, 79
"c:\Users\Maruf\Documents\GitHub\Workout-Flutter-Project\lib\presentation\screens\navigation_drawer.dart", "Dart", 0, 0, 0, 0, 109, 0, 0, 0, 0, 0, 4, 3, 116
"c:\Users\Maruf\Documents\GitHub\Workout-Flutter-Project\lib\presentation\screens\plan\add_plan.dart", "Dart", 0, 0, 0, 0, 55, 0, 0, 0, 0, 0, 1, 8, 64
"c:\Users\Maruf\Documents\GitHub\Workout-Flutter-Project\lib\presentation\screens\plan\exercise_wrapper.dart", "Dart", 0, 0, 0, 0, 33, 0, 0, 0, 0, 0, 0, 3, 36
"c:\Users\Maruf\Documents\GitHub\Workout-Flutter-Project\lib\presentation\screens\plan\my_plan.dart", "Dart", 0, 0, 0, 0, 90, 0, 0, 0, 0, 0, 5, 7, 102
"c:\Users\Maruf\Documents\GitHub\Workout-Flutter-Project\lib\presentation\screens\profile.dart", "Dart", 0, 0, 0, 0, 81, 0, 0, 0, 0, 0, 0, 3, 84
"c:\Users\Maruf\Documents\GitHub\Workout-Flutter-Project\lib\presentation\screens\reminder.dart", "Dart", 0, 0, 0, 0, 102, 0, 0, 0, 0, 0, 7, 11, 120
"c:\Users\Maruf\Documents\GitHub\Workout-Flutter-Project\lib\presentation\screens\settings.dart", "Dart", 0, 0, 0, 0, 218, 0, 0, 0, 0, 0, 7, 8, 233
"c:\Users\Maruf\Documents\GitHub\Workout-Flutter-Project\lib\presentation\screens\splash.dart", "Dart", 0, 0, 0, 0, 11, 0, 0, 0, 0, 0, 0, 2, 13
"c:\Users\Maruf\Documents\GitHub\Workout-Flutter-Project\lib\presentation\screens\trainer_profile_public.dart", "Dart", 0, 0, 0, 0, 148, 0, 0, 0, 0, 0, 0, 4, 152
"c:\Users\Maruf\Documents\GitHub\Workout-Flutter-Project\lib\presentation\screens\training.dart", "Dart", 0, 0, 0, 0, 160, 0, 0, 0, 0, 0, 4, 10, 174
"c:\Users\Maruf\Documents\GitHub\Workout-Flutter-Project\lib\presentation\widgets\exercise_type\exercise_appbar.dart", "Dart", 0, 0, 0, 0, 48, 0, 0, 0, 0, 0, 0, 3, 51
"c:\Users\Maruf\Documents\GitHub\Workout-Flutter-Project\lib\presentation\widgets\exercise_type\exercise_item.dart", "Dart", 0, 0, 0, 0, 80, 0, 0, 0, 0, 0, 3, 5, 88
"c:\Users\Maruf\Documents\GitHub\Workout-Flutter-Project\lib\presentation\widgets\exercise_type\exercise_modal.dart", "Dart", 0, 0, 0, 0, 169, 0, 0, 0, 0, 0, 6, 14, 189
"c:\Users\Maruf\Documents\GitHub\Workout-Flutter-Project\lib\presentation\widgets\feeds\days_item.dart", "Dart", 0, 0, 0, 0, 19, 0, 0, 0, 0, 0, 0, 3, 22
"c:\Users\Maruf\Documents\GitHub\Workout-Flutter-Project\lib\presentation\widgets\feeds\days_wrapper.dart", "Dart", 0, 0, 0, 0, 19, 0, 0, 0, 0, 0, 0, 3, 22
"c:\Users\Maruf\Documents\GitHub\Workout-Flutter-Project\lib\presentation\widgets\feeds\feed_detail_header.dart", "Dart", 0, 0, 0, 0, 123, 0, 0, 0, 0, 0, 36, 3, 162
"c:\Users\Maruf\Documents\GitHub\Workout-Flutter-Project\lib\presentation\widgets\feeds\feeds_item.dart", "Dart", 0, 0, 0, 0, 106, 0, 0, 0, 0, 0, 0, 3, 109
"c:\Users\Maruf\Documents\GitHub\Workout-Flutter-Project\lib\presentation\widgets\home\stat.dart", "Dart", 0, 0, 0, 0, 99, 0, 0, 0, 0, 0, 1, 5, 105
"c:\Users\Maruf\Documents\GitHub\Workout-Flutter-Project\lib\presentation\widgets\home\workout_item.dart", "Dart", 0, 0, 0, 0, 69, 0, 0, 0, 0, 0, 3, 5, 77
"c:\Users\Maruf\Documents\GitHub\Workout-Flutter-Project\lib\presentation\widgets\home\workout_progress.dart", "Dart", 0, 0, 0, 0, 59, 0, 0, 0, 0, 0, 0, 3, 62
"c:\Users\Maruf\Documents\GitHub\Workout-Flutter-Project\lib\presentation\widgets\home\workouts.dart", "Dart", 0, 0, 0, 0, 18, 0, 0, 0, 0, 0, 2, 4, 24
"c:\Users\Maruf\Documents\GitHub\Workout-Flutter-Project\lib\presentation\widgets\navigation\counter_dialogue.dart", "Dart", 0, 0, 0, 0, 104, 0, 0, 0, 0, 0, 0, 5, 109
"c:\Users\Maruf\Documents\GitHub\Workout-Flutter-Project\lib\presentation\widgets\navigation\delete_account_dialogue.dart", "Dart", 0, 0, 0, 0, 48, 0, 0, 0, 0, 0, 0, 4, 52
"c:\Users\Maruf\Documents\GitHub\Workout-Flutter-Project\lib\presentation\widgets\navigation\menu_item.dart", "Dart", 0, 0, 0, 0, 25, 0, 0, 0, 0, 0, 1, 2, 28
"c:\Users\Maruf\Documents\GitHub\Workout-Flutter-Project\lib\presentation\widgets\navigation\navigtion_header.dart", "Dart", 0, 0, 0, 0, 62, 0, 0, 0, 0, 0, 0, 2, 64
"c:\Users\Maruf\Documents\GitHub\Workout-Flutter-Project\lib\presentation\widgets\navigation\reset_dialog.dart", "Dart", 0, 0, 0, 0, 48, 0, 0, 0, 0, 0, 0, 4, 52
"c:\Users\Maruf\Documents\GitHub\Workout-Flutter-Project\lib\presentation\widgets\plan\my_plan\plan_item.dart", "Dart", 0, 0, 0, 0, 179, 0, 0, 0, 0, 0, 1, 6, 186
"c:\Users\Maruf\Documents\GitHub\Workout-Flutter-Project\lib\presentation\widgets\plan\my_plan\plan_stat.dart", "Dart", 0, 0, 0, 0, 27, 0, 0, 0, 0, 0, 1, 3, 31
"c:\Users\Maruf\Documents\GitHub\Workout-Flutter-Project\lib\presentation\widgets\plan\plans.dart", "Dart", 0, 0, 0, 0, 0, 0, 0, 0, 0, 0, 0, 1, 1
"c:\Users\Maruf\Documents\GitHub\Workout-Flutter-Project\lib\presentation\widgets\plan\step_one\add_step_one.dart", "Dart", 0, 0, 0, 0, 229, 0, 0, 0, 0, 0, 5, 21, 255
"c:\Users\Maruf\Documents\GitHub\Workout-Flutter-Project\lib\presentation\widgets\plan\step_one\muscle_target.dart", "Dart", 0, 0, 0, 0, 35, 0, 0, 0, 0, 0, 0, 4, 39
"c:\Users\Maruf\Documents\GitHub\Workout-Flutter-Project\lib\presentation\widgets\plan\step_one\workout_dificulty.dart", "Dart", 0, 0, 0, 0, 67, 0, 0, 0, 0, 0, 0, 4, 71
"c:\Users\Maruf\Documents\GitHub\Workout-Flutter-Project\lib\presentation\widgets\plan\step_two\add_step_two.dart", "Dart", 0, 0, 0, 0, 105, 0, 0, 0, 0, 0, 6, 10, 121
"c:\Users\Maruf\Documents\GitHub\Workout-Flutter-Project\lib\presentation\widgets\plan\step_two\exercise_selector.dart", "Dart", 0, 0, 0, 0, 89, 0, 0, 0, 0, 0, 2, 10, 101
"c:\Users\Maruf\Documents\GitHub\Workout-Flutter-Project\lib\presentation\widgets\profile\profile_field.dart", "Dart", 0, 0, 0, 0, 27, 0, 0, 0, 0, 0, 1, 3, 31
"c:\Users\Maruf\Documents\GitHub\Workout-Flutter-Project\lib\presentation\widgets\profile\profile_pic.dart", "Dart", 0, 0, 0, 0, 45, 0, 0, 0, 0, 0, 1, 3, 49
"c:\Users\Maruf\Documents\GitHub\Workout-Flutter-Project\lib\presentation\widgets\reminder\day_selector.dart", "Dart", 0, 0, 0, 0, 74, 0, 0, 0, 0, 0, 9, 4, 87
"c:\Users\Maruf\Documents\GitHub\Workout-Flutter-Project\lib\presentation\widgets\reminder\delete_confirmation.dart", "Dart", 0, 0, 0, 0, 59, 0, 0, 0, 0, 0, 1, 2, 62
"c:\Users\Maruf\Documents\GitHub\Workout-Flutter-Project\lib\presentation\widgets\reminder\reminder_card.dart", "Dart", 0, 0, 0, 0, 90, 0, 0, 0, 0, 0, 7, 6, 103
"c:\Users\Maruf\Documents\GitHub\Workout-Flutter-Project\lib\presentation\widgets\training\congraModal.dart", "Dart", 0, 0, 0, 0, 53, 0, 0, 0, 0, 0, 5, 2, 60
"c:\Users\Maruf\Documents\GitHub\Workout-Flutter-Project\lib\tab_route.dart", "Dart", 0, 0, 0, 0, 118, 0, 0, 0, 0, 0, 4, 7, 129
"c:\Users\Maruf\Documents\GitHub\Workout-Flutter-Project\lib\utils\notification.dart", "Dart", 0, 0, 0, 0, 36, 0, 0, 0, 0, 0, 4, 6, 46
"c:\Users\Maruf\Documents\GitHub\Workout-Flutter-Project\lib\utils\prefrence.dart", "Dart", 0, 0, 0, 0, 18, 0, 0, 0, 0, 0, 2, 5, 25
"c:\Users\Maruf\Documents\GitHub\Workout-Flutter-Project\pubspec.yaml", "YAML", 0, 0, 0, 0, 0, 55, 0, 0, 0, 0, 52, 14, 121
"c:\Users\Maruf\Documents\GitHub\Workout-Flutter-Project\test\bloc\auth_bloc_test.dart", "Dart", 0, 0, 0, 0, 87, 0, 0, 0, 0, 0, 0, 7, 94
"c:\Users\Maruf\Documents\GitHub\Workout-Flutter-Project\test\bloc\reminder_bloc_test.dart", "Dart", 0, 0, 0, 0, 72, 0, 0, 0, 0, 0, 0, 4, 76
"c:\Users\Maruf\Documents\GitHub\Workout-Flutter-Project\test\bloc\report_bloc_test.dart", "Dart", 0, 0, 0, 0, 40, 0, 0, 0, 0, 0, 0, 4, 44
"c:\Users\Maruf\Documents\GitHub\Workout-Flutter-Project\test\bloc\workout_bloc_test.dart", "Dart", 0, 0, 0, 0, 56, 0, 0, 0, 0, 0, 1, 4, 61
"c:\Users\Maruf\Documents\GitHub\Workout-Flutter-Project\test\bloc\workout_plan_bloc_test.dart", "Dart", 0, 0, 0, 0, 118, 0, 0, 0, 0, 0, 1, 8, 127
"c:\Users\Maruf\Documents\GitHub\Workout-Flutter-Project\test\widget\widget_test.dart", "Dart", 0, 0, 0, 0, 51, 0, 0, 0, 0, 0, 16, 9, 76
"c:\Users\Maruf\Documents\GitHub\Workout-Flutter-Project\web\index.html", "HTML", 0, 0, 0, 0, 0, 0, 0, 79, 0, 0, 14, 6, 99
"c:\Users\Maruf\Documents\GitHub\Workout-Flutter-Project\web\manifest.json", "JSON", 0, 0, 0, 23, 0, 0, 0, 0, 0, 0, 0, 1, 24
"Total", "-", 8, 79, 129, 305, 7463, 55, 22, 79, 12, 1, 422, 786, 9361